,company_name,job_id,job_title,job_location,posted_date,job_title_trans,location_list,full_text,world_region,city,state,country,search_country
0,Air France,2022-06-03_Occitanie_Data Engineer / Développeur BI BigData H/F_Air France,Data Engineer / Développeur BI BigData H/F,"Occitanie, France",2022-06-03,Data Engineer / Developer BI BigData H / F,"['Occitanie', 'France']","


Vous avez peut-être déjà voyagé avec nous, mais que connaissez-vous de nos métiers et de la richesse des données qu’ils génèrent au quotidien ? Comment le traitement et l’exploitation de ces données peut contribuer à notre stratégie de Revenue Management, ou encore aux multiples opérations à réaliser pour permettre à un vol de partir à l’heure ?Air France-KLM fait rêver 104 millions de passagers par an, en les emmenant vers 250 destinations, grâce à une flotte de plus de 500 appareils. Le Groupe emploie 80 000 collaborateurs partout dans le monde : les opportunités sont vastes pour mettre à profit ses compétences, apprendre et se développer !Le département de développement BI et Big Data d’Air France, au sein de la direction des Systèmes d’Information, intervient dans toute la chaîne de captation et de traitement des données du groupe pour délivrer à nos métiers des solutions applicatives clés en main.Le département est également en charge de l’ensemble des outils techniques (ETL, DataLakes, DataWarehouses, Data visualisation) et du développement des talents et compétences de Data Engineering.Notre mission ? Transformer la donnée brute en décision intelligente, pour mieux optimiser les métiers d’Air France – KLM !Et pour cela, nous avons chacun notre rôle essentiel dans la tribu. Et pourquoi le vôtre ne serait pas celui de Data Engineer?Au sein de notre département, vous travaillerez main dans la main avec d’autres Data Engineers ainsi qu’avec des spécialistes.Description de la mission: Intégré(e) au sein d’une product team agile passionnée et dynamique, vous rejoignez Isabelle, Jean-Yves, Elodie, Flavien et bien d’autres1. Vous participez à l’analyse des besoins métiers du commercial, des opérations aériennes, de l’exploitation sol en aéroport, de la maintenance aéronautique ou encore du Cargo.2. Vous contribuez à la définition, au développement, à l’industrialisation et à la maintenance d’applications en Business Intelligence ou Big Data3. Vous présentez la restitution de vos travaux accompagnez les utilisateurs d’un point de vue fonctionnel ou méthodologiqueVous serez en contact avec les directions métier du groupe Air France KLM. Nous attachons beaucoup d'importance au développement des compétences de nos collaborateurs ainsi qu’à leur offrir des conditions de travail favorables à l’autonomie et aux missions à forte valeur ajoutée. L'ouverture, le respect, la bienveillance et le partage sont des valeurs humaines portées par l'entreprise. Nous travaillons en mode hybride. Sachez toutefois que l’environnement de notre site de Toulouse est particulièrement agréable, vous aurez hâte de nous y rejoindre.Profil recherché :Vous êtes diplômé(e) de niveau Master ou Ingénieur Au cours de vos stages ou d’une voire plusieurs expériences professionnelles, vous avez effectué du développement Frontend/Backend (Java, Unix/Linux) et acquis la maitrise des bases de données SQLEn complément, vous avez idéalement une connaissance ou une expérience dans tout ou partie des concepts ou outils suivants :- Base de données Teradata, noSQL (MongoDB)- Environnement BigData (Hadoop, Elasticsearch, Spark ...)- Outil de Datavisualisation (Spotfire, PowerBI, Qlik ou Kibana)- Solutions de Cloud hybrideVous avez participé à des projets organisés en Kanban ou Scrum, et avez peut-être même oeuvré comme Scrum-Master, ce qui vous permettra de vous intégrer aisément au sein d’une Product Team.Votre esprit de synthèse, votre force de conviction et votre maîtrise de la communication facilitent les décisions avec l’ensemble des collaborateurs de l’équipe, éventuellement en langue anglaise, à l’écrit comme à l’oral. Vous êtes autonome, rigoureux(se), responsable et curieux(se), vous aimez travailler en équipe. Vous possédez de bonnes capacités d'écoute, d'analyse, de synthèse et de communication.Et bien sûr, vous êtes passionné(e), enthousiaste et ingénieux(se) Ce que nous vous offrons :· De la création de valeur pour l’ensemble des métiers d’Air France KLM· Des challenges et problématiques complexes à résoudre· L’opportunité de déployer des solutions Data industrielles à l’échelle !· Une grande part de responsabilité dans une structure hiérarchique horizontale· Un important degré de liberté pour apprendre et développer son expertise au sein de l’équipe· Une vraie tribu avec des collègues enthousiastesOn vous attend le plus rapidement possible ! Et pour une durée indéterminée ;)


        Voir plus

        


        Voir moins

        


",Europe,Occitanie,,France,France
1,Air France,2022-06-03_Paris_Data Engineer / Développeur BI BigData H/F_Air France,Data Engineer / Développeur BI BigData H/F,Greater Paris Metropolitan Region,2022-06-03,Data Engineer / Developer BI BigData H / F,['Greater Paris Metropolitan Region'],"


Vous avez peut-être déjà voyagé avec nous, mais que connaissez-vous de nos métiers et de la richesse des données qu’ils génèrent au quotidien ? Comment le traitement et l’exploitation de ces données peut contribuer à notre stratégie de Revenue Management, ou encore aux multiples opérations à réaliser pour permettre à un vol de partir à l’heure ?Air France-KLM fait rêver 104 millions de passagers par an, en les emmenant vers 250 destinations, grâce à une flotte de plus de 500 appareils. Le Groupe emploie 80 000 collaborateurs partout dans le monde : les opportunités sont vastes pour mettre à profit ses compétences, apprendre et se développer !Le département de développement BI et Big Data d’Air France, au sein de la direction des Systèmes d’Information, intervient dans toute la chaîne de captation et de traitement des données du groupe pour délivrer à nos métiers des solutions applicatives clés en main.Le département est également en charge de l’ensemble des outils techniques (ETL, DataLakes, DataWarehouses, Data visualisation) et du développement des talents et compétences de Data Engineering.Notre mission ? Transformer la donnée brute en décision intelligente, pour mieux optimiser les métiers d’Air France – KLM !Et pour ça, nous avons chacun notre rôle essentiel dans la tribu. Et pourquoi le vôtre ne serait pas celui de Data Engineer ?Description de la mission: Au sein de notre nouvelle « Data Factory », vous serez au cœur de la transformation Data de l’entreprise. Vous créerez, main dans la main les métiers, les solutions phares permettant à Air France-KLM de surfer sur la vague de la Data tout en essaimant vos compétences !Mais pas seulement : vous participerez aussi aux activités de conseil stratégique et de veille technologique du département.Nous attachons beaucoup d'importance au développement des compétences de nos collaborateurs ainsi qu’à leur offrir des conditions de travail favorables à l’autonomie et aux missions à forte valeur ajoutée. L'ouverture, le respect, la bienveillance et le partage sont des valeurs humaines portées par l'entreprise.Au sein de la Data Factory, lieu unique d’innovation au sein du siège d’Air France à Roissy,1. Vous participez à l’analyse des besoins métiers du commercial, des opérations aériennes, de l’exploitation sol en aéroport, de la maintenance aéronautique ou encore du Cargo.2. Vous contribuez à la définition, au développement de PoCs, à l’industrialisation de projets en Business Intelligence, Data Visualisation ou Big Data3. Vous présentez la restitution de vos travaux et accompagnez les utilisateurs d’un point de vue fonctionnel ou méthodologiqueVous serez en contact étroit avec les directions métier du groupe Air France KLM.Profil recherché :  Vous êtes diplômé(e) de niveau Master ou Ingénieur, vous avez acquis une expérience professionnelle dans le développement d’applications.Vous disposez d’une expérience du développement Frontend/Backend (Java, Unix/Linux)Vous maîtrisez les bases de données SQLEn complément, vous avez une connaissance ou une expérience dans tout ou partie des concepts ou outils suivants :Outil de Datavisualisation (Spotfire, PowerBI, Qlik ou Kibana)UX / UI design ou ergonomieBase de données Teradata, noSQL (MongoDB)Environnement BigData (Hadoop, Elasticsearch, Spark ...)Solutions de Cloud hybride(Ces compétences complémentaires ou manquantes pouvant aussi s'acquérir à travers un parcours de reskilling et de formations aux outils du data engineering dispensé en interne).Vous avez participé à des projets organisés en Kanban ou Scrum, et avez peut-être même oeuvré comme Scrum-Master, ce qui vous permettra de vous intégrer aisément au sein d’une Product Team. Votre esprit de synthèse, votre force de conviction et votre maîtrise de la communication facilitent les décisions avec l’ensemble des collaborateurs de l’équipe, éventuellement en langue anglaise, à l’écrit comme à l’oral.Vous êtes autonome, rigoureux, responsable et curieux, vous aimez travailler en équipe. Vous possédez de bonnes capacités d'écoute, d'analyse, de synthèse et de communication.Et bien sûr, vous êtes sympathique, passionné, ambitieux, malin et brillant!Ce que nous vous offrons:De la création de valeur pour l’ensemble des métiers d’Air France KLMDes challenges et problématiques complexes à résoudreL’opportunité de déployer des solutions Data industrielles à l’échelle !Une grande part de responsabilité dans une structure hiérarchique horizontaleUn important degré de liberté pour apprendre et développer son expertise au sein de l’équipeUne expérience unique de création et d’animation d’une Data Factory, véritable vitrine Data d’Air France


        Voir plus

        


        Voir moins

        


",Europe,Paris,,France,France
2,Air France,2022-05-19_Paris_Product Owner Junior - Comptabilité AF/KLM_Air France,Product Owner Junior - Comptabilité AF/KLM,Greater Paris Metropolitan Region,2022-05-19,Junior Product Owner - AF/KLM Accounting,['Greater Paris Metropolitan Region'],"


Présentation du contexteL'Assistance à Maîtrise d'Ouvrage de la Finance, qui dépend de la Holding AFKL, est un support essentiel pour les Directions Financières Air France, KLM et Groupe AFKL.Les métiers de la Finance, Contrôle de gestion et Economie des lignes, Affaires comptables, Achats, Trésorerie, Audits & Contrôles internes ont des projets ambitieux de transformation et de digitalisation. L'AMO accompagne la mise en œuvre de la stratégie.L'AMO est une organisation combinée Air France KLM basée à CDG et Amsterdam.L'équipe où serait intégré le candidat est basée à CDG, et est aujourd'hui composée de 8 personnes, dont 6 consultants.Il y a un fort enjeu de ré-internalisation des ressources, car les consultants assurent des missions clés et pérennes pour le Groupe (support SAP FI, support SAP SD, clôture comptable mensuelle AF)Description de la missionVous êtes rattaché(e) au Responsable du domaine AMO Finance Comptabilité.Vous accompagnez la Direction métier Comptabilité, et êtes garant avec celui-ci de l'information et de sa traçabilité.Missions :1) Vous participez au bon déroulement de la clôture comptable mensuelle AF, ce qui exige un suivi rigoureux des procédures en vigueur. Vous vous intégrez à la démarche d'amélioration continue des procédures en faisant des propositions concrètes.2) Vous participez au maintien en bonnes conditions opérationnelles des systèmes d'informations soutenant l'activité Comptabilité AFKL :- contrôle et correction des flux de données entre l'ERP SAP (modules FI / SD) et les applications avec lesquelles il est interfacé,- correction des incidents de production, en collaboration avec les équipes informatiquesCette activité requiert capacité à prioriser les demandes (évaluation de la criticité), réactivité et sens du client interne (respect des délais de réponse attendus)3) Vous pilotez des projets d'évolutions :- rédaction des spécifications- réalisation des tests,- implémentation- conduite du changement et de la formationEx projets en cours : Passage de la version SAP ECC à SAP4HANA / Changement des outils financiers de la Direction IndustrielleTous les projets Finance AFKL s'inscrivent dans des organisations complexes ; ils nécessitent tout d'abord d'écouter et comprendre le besoin du métier (avec un œil critique et constructif), puis de définir avec l'informatique comment y répondre, dans le respect du budget et des délais attendus. Les atouts du poste:- Évolutions transverses vers les autres équipes AMO Finance AFKL : postes de chef de projet au Contrôle de gestion, Achats, Corporate- Évolutions transverses vers les équipes informatiques SAP : postes de chef de projet- Management d'équipes AMO Finance ou Informatiques SAPmais aussi:Evoluer dans un environnement international et dynamique avec des interlocuteurs dans de nombreux secteurs de l'entreprise et avec des parcours variésMener des projets à forts enjeux stratégiques pour le groupe AFKL Télétravail possible 2 jours par semaineProfil recherché- Bac+5 et plus- Études scientifiques (par ex : grande école d'ingénieur, si possible avec une spécialité Finance)- Au moins 5 ans d'expérience professionnelle- Au moins une expérience significative sur l'ERP SAP (modules SAP FI, CO ou SD)- Management de projet


        Voir plus

        


        Voir moins

        


",Europe,Paris,,France,France
3,Air France,2022-06-03_Maritime Alps_Data Engineer / Développeur BI BigData H/F_Air France,Data Engineer / Développeur BI BigData H/F,"Maritime Alps, Provence-Alpes-Côte d'Azur, France",2022-06-03,Data Engineer / Developer BI BigData H / F,"['Maritime Alps', ""Provence-Alpes-Côte d'Azur"", 'France']","


Vous avez peut-être déjà voyagé avec nous, mais que connaissez-vous de nos métiers et de la richesse des données qu’ils génèrent au quotidien ? Comment le traitement et l’exploitation de ces données peut contribuer à notre stratégie de Revenue Management, ou encore aux multiples opérations à réaliser pour permettre à un vol de partir à l’heure ?Air France-KLM fait rêver 104 millions de passagers par an, en les emmenant vers 250 destinations, grâce à une flotte de plus de 500 appareils. Le Groupe emploie 80 000 collaborateurs partout dans le monde : les opportunités sont vastes pour mettre à profit ses compétences, apprendre et se développer !Le département de développement BI et Big Data d’Air France, au sein de la direction des Systèmes d’Information, intervient dans toute la chaîne de captation et de traitement des données du groupe pour délivrer à nos métiers des solutions applicatives clés en main.Le département est également en charge de l’ensemble des outils techniques (ETL, DataLakes, DataWarehouses, Data visualisation) et du développement des talents et compétences de Data Engineering.Notre mission ? Transformer la donnée brute en décision intelligente, pour mieux optimiser les métiers d’Air France – KLM !Pour cela, nous avons chacun un rôle essentiel à jouer, pourquoi le vôtre ne serait pas celui de Data Engineer ?Au sein de notre département, vous travaillerez main dans la main avec d’autres Data Engineers ainsi qu’avec des spécialistes des métiers.Description de la mission : Intégré au sein d’une product team agile passionnée et dynamique : 1. Vous participez à l’analyse des besoins métiers du commercial, des opérations aériennes, de l’exploitation sol en aéroport, de la maintenance aéronautique ou encore du Cargo.2. Vous contribuez à la définition, au développement, à l’industrialisation et à la maintenance d’applications Big Data ou en Business Intelligence3. Vous présentez la restitution de vos travaux et accompagnez les utilisateurs d’un point de vue fonctionnel ou méthodologiqueVous serez en contact avec les directions métier du groupe Air France KLM.Nous attachons beaucoup d'importance au développement des compétences de nos collaborateurs ainsi qu’à leur offrir des conditions de travail favorables à l’autonomie et aux missions à forte valeur ajoutée. L'ouverture, le respect, la bienveillance et le partage sont des valeurs humaines portées par l'entreprise.Profil recherché : Vous êtes diplômé de niveau Master ou Ingénieur dans les domaines informatiques, vous avez acquis une expérience professionnelle dans le développement d’applications.- Vous disposez d’une expérience du développement Frontend/Backend (Java, Unix/Linux)- Vous maîtrisez les bases de données SQLEn complément, vous avez une connaissance ou une expérience dans tout ou partie des concepts ou outils suivants :- Base de données noSQL (MongoDB, HBase, REDIS) ou Data Warehouse Teradata- Environnement BigData (Spark, Hadoop, Elasticsearch, Kafka, ...)- Outil de Datavisualisation (Spotfire, PowerBI, Qlik ou Kibana)- Solutions de Cloud hybride(Ces compétences complémentaires ou manquantes pouvant aussi s'acquérir à travers un parcours de reskilling et de formations aux outils du data engineering dispensé en interne).Vous avez participé à des projets organisés en Scrum ou Kanban, et avez peut-être même œuvré comme Scrum-Master, ce qui vous permettra de vous intégrer aisément au sein d’une Product Team. Votre esprit de synthèse, votre force de conviction et votre maîtrise de la communication facilitent les décisions avec l’ensemble des collaborateurs de l’équipe, éventuellement en langue anglaise, à l’écrit comme à l’oral.Vous êtes autonome, rigoureux(se), responsable et curieux(se), vous aimez travailler en équipe. Vous possédez de bonnes capacités d'écoute, d'analyse, de synthèse et de communication.Et bien sûr, vous êtes passionné(e), enthousiaste et ingénieux(se)Ce que nous vous offrons· De la création de valeur pour l’ensemble des métiers d’Air France KLM· Des challenges et problématiques complexes à résoudre· L’opportunité de déployer des solutions Data industrielles à l’échelle !· Une grande part de responsabilité dans une structure hiérarchique horizontale· Un important degré de liberté pour apprendre et développer son expertise au sein de l’équipeOn vous attend le plus rapidement possible ! Et pour une durée indéterminée ;)


        Voir plus

        


        Voir moins

        


",Europe,Maritime Alps,Provence-Alpes-Côte d'Azur,France,France
4,Air France,2022-05-25_Paris_Expert SAP FICO H/F_Air France,Expert SAP FICO H/F,Greater Paris Metropolitan Region,2022-05-25,Expert SAP FICO H/F,['Greater Paris Metropolitan Region'],"


Au sein de la Direction Informatique, vous rejoindrez la Direction du Développement des Solutions Applicatives Air France/KLM. Vous serez affecté à la Practice SAP, qui regroupe l’ensemble des compétences au sein d’Air France.Des ponts entre les compétences SAP et nos métiers, seront assurés au travers de formations aidant à répondre aux souhaits d’évolution des collaborateurs.Le poste proposé sera est central afin de répondre efficacement aux besoins des applications et , des projets SAP pour lades métiers de la Finance (Comptabilité et Contrôle de gestion) avec des solutions SAP.et de la sécurité SAP. Il s’agit d’apporter son expertise un expert avéré sur les fonctionnalités et du paramétrage des modules SAP-FI et SAP-CO.Au sein de la SAP Practice, ce poste est central pour maintenir les fonctionnalités des modules SAP-FI et SAP-CO, préparer la roadmap finance et participer par la suite au projet de migration de la finance vers S4 Hana dans un cloud dédié à Air France/KLM.Description de la mission:Vous serez au cœur de la définition et de la mise en œuvre de la roadmap finance et achats pour Air France et KLM, vous serez chargé de :Assurer l’accompagnement des équipes de la SAP Practice en organisant et animant des workshops:Identifier les besoins, proposer de nouvelles solutions communes et aider à aligner les process métier avec Les métiers Finance et Achats Air France et KLM;Impliquer les équipes dans les réflexions, les choix, les mises en œuvre de POCs (Proof of Concept), ainsi que dans l’estimation des charges et délais;Valider les solutions en cohérence avec les dernières orientations de l’éditeur SAP ;Contribuer à la définition d’un programme de mise en œuvre de la roadmap et des projets sous-jacents.Prendre en charge la responsabilité de projets sur la solution actuelle.Votre expérience vous permettra de consolider vos compétences sur les nouvelles solutions SAP et plus particulièrement sur S/4 Hana. A terme, vous deviendrez une référence de haut niveau pour suivre les innovations SAP dans le monde de la finance, du contrôle de gestion et des achats.Une dimension solution d'innovation S/4 Hana et deet Cloud ification aboutira arrivera par la suite pour un aboutissement avant 2027.Profil recherché: Ce que nous vous offrons :Télétravail possible (à moduler en fonction de l’activité) ;Féru de nouveaux apprentissages ? Vous adorerez bénéficier de la SAP Academy !Curieux et agile ? Vous aurez la possibilité d’évoluer au sein de toute les directions d’Air France (Cargo, DGI, OA…); ;Nous aurons à cœur de vous enrichir grâce à un dispositif de formation varié ;Dimension multiculturelle de nos équipes AF-KL, une vraie tribu avec des collègues sympathiques et brillants !Intégrer une compagnie aérienne qui a le goût de l’innovation et du challengeBac + 5 grandes écoles ou universitaire est souhaitableVous disposez de :Une expérience SAP d’au moins 6 ans couvrant la majeure partie des domaines de la comptabilité, du contrôle de gestion;Une bonne maitrise de modules SAP du domaine Finance, et des évolutions majeures de ses offres ;Une connaissance des nouvelles solutions SAP comme S/4 Hana (Simple Finance, applications Fiori, …) ;Une expérience d’implémentation de telles solutions.Expérience démontrée d’au moins 5 ans dans la gestion des applications, des projets et des tâches transverses SAP Basis de paramétrages techniques des environnements PO, Gateway, BW, Solman, ECC HR/FI-CO-MM, S4HanaLa connaissance de plusieurs modules SAP comme SAP-IDM (Identity Management) ou SAP-GRC (Gestion SOD).Votre curiosité naturelle quant à l’évolution du marché et les nouvelles offres majeures SAP, vous permette d’être force de proposition ;Une bonne culture sur les modules fonctionnels Achat (SAP-MM et SAP-SRM) et sur SAP-BW /ECC (FI, CO, MM) et l’utilisation des modules prédictifs et machine Learning SAP (Bex analyser).Soft skills :Capacité de synthèse et de communication.Capacité à travailler à gérer des projets en mode agile (en mode projet ou en mode produit)Sens du client et du résultatRigueur et pugnacité.Capacité à faire adhérer.Attitude constructive et bon relationnelEtre à l’aise en anglais, à l’écrit comme à l’oral sera nécessaire pour occuper ce poste.Des déplacements sont possibles à Amsterdam


        Voir plus

        


        Voir moins

        


",Europe,Paris,,France,France
5,Air France,2022-05-25_Orly_Product Owner SAP Finance H/F_Air France,Product Owner SAP Finance H/F,"Orly, Île-de-France, France",2022-05-25,Product Owner SAP Finance H/F,"['Orly', 'Île-de-France', 'France']","


Présentation du contexteDans le cadre du programme de Transformation SAP Roadmap au sein d'Air France Industries visant à moderniser nos systèmes d'Information et à redéfinir nos processus notamment dans le domaine de la finance, l'assistance à maîtrise d'ouvrage recherche son Product Owner SAP Finance.A ce titre, vous représentez le métier et portez la vision du produit au sein de l'équipe. Vous êtes aussi responsable du maintien opérationnel et de l'évolutivité des produits SAP du domaine Finance d'Air France Industries.Description de la missionVos activités principales seront les suivantes :- Identifier les opportunités et problèmes des utilisateurs- Développer une vision pour votre Produit.- Coordonner l'ensemble des activités sur les produits SAP du domaine finance d'Air France Industries· Définir, prioriser, et suivre la roadmap de votre produit, en collaboration avec les équipes techniques (Pilotage de la backlog et du budget)- Gérer fonctionnellement votre équipe (5-6 personnes internes / externes), l'animer au quotidien et s'assurer de son bon fonctionnement- Identifier les intervenants et gérer leurs attentes, en tant que garant de la cohérence technique et fonctionnelle des développements demandés- Suivre les déploiements jusqu'à leurs mises en ligne et mesurer l'impact- Piloter la bonne communication autour des évolutions de son produit, en organisant des points d'avancement réguliers, de la documentation fonctionnelle et des démosProfil recherchéVous êtes dynamique et réactifUne expérience sur un poste de Product Owner, ou à défaut de pilote de projets, en mode agile est requise.Vous avez un bon sens du compromis et de la négociation, Vous êtes également à l'aise pour prendre des décisions.Vous êtes organisé, rigoureux et avez la capacité à animer des ateliers et gérer les priorités ; vous avez des qualités d'analyse, d'écoute, de synthèse, de pédagogie.L'utilisation de l'anglais écrit et parlé au quotidien ne vous pose pas de problème particulier. Vous êtes capable d'animer des réunions, de rédiger des documents et de faire des présentations en anglais.Une très bonne connaissance et pratique de l'ERP SAP sur le domaine Finance (FI/CO) est indispensable.


        Voir plus

        


        Voir moins

        


",Europe,Orly,Île-de-France,France,France
6,Air France,2022-05-24_Valbonne_Ingénieur Cloud H/F_Air France,Ingénieur Cloud H/F,"Valbonne, Provence-Alpes-Côte d'Azur, France",2022-05-24,Cloud Engineer M/F,"['Valbonne', ""Provence-Alpes-Côte d'Azur"", 'France']","


Le monde de l’IT et des nouvelles technologies vous intéresse ? Contribuer à la réussite de la transformation Cloud du groupe Air France/KLM vous plairait ? Alors n’hésitez pas, rejoignez une équipe dynamique de passionnés !Engagés dans une ambitieuse transformation Cloud, nous sommes à la recherche d’un ingénieur Cloud pour renforcer notre centre de compétences Cloud Intégration.Rattaché(e) à la Direction des Opérations du Groupe dont les missions principales sont de :· Garantir une Qualité de Service optimale pour les services IT ;· Accompagner l'innovation métier réalisée par les équipes du Développement, en proposant des services d’infrastructures performants ;· Permettre la création de valeur par l'innovation, la simplification et la standardisation ;Vous rejoindrez une équipe multiculturelle d’une dizaine de personnes basés en France et aux Pays Bas dont la mission est d’apporter du conseil et de l’expertise autour des solutions du Cloud Public.Description de la missionA ce titre, vous serez en charge de· Définir les architectures des services Cloud en liens avec les architectes des différents domaines technologiques;· Participer au développement de nouveaux services Cloud;· Contribuer à leur sécurisation;· Intégrer le « FINOPS by design » dans vos réalisations;· Accompagner les équipes des Opérations dans la prise en charge de l’exploitation de ces services;· Apporter conseil et expertise aux équipes IT engagées dans la transformation Cloud;· Assurer une veille technologique permanente.Vous êtes titulaire d’un diplôme d'Ingénieur en Informatique (Bac +5 école ou université) et bénéficiez d’une expérience d’au moins trois ans dans les technologies du Cloud public, de préférence Azure (les certifications AZ104 and AZ204 sont un plus).Vous justifiez d’une expérience DEVOPS sur plateformes IaaS, PaaS & CaaS.Vous avez déjà développé des scripts de déploiement d’infrastructures (Infrastructure As Code) via ARM, Terraform/Ansible ou Powershell.Les fondamentaux réseau/DNS du cloud public ne vous sont pas étrangers.Vous avez une forte sensibilité pour la sécurité des systèmes.Vous avez déjà évolué dans un contexte Agile et adhérez aux valeurs de l’Agilité.Vous avez des capacités relationnelles avérées pour travailler au sein d’une équipe distribuée entre la France et les Pays-Bas, vous aimez apprendre mais aussi partagez vos connaissances.Vous parlez anglais couramment.Ce que nous vous offrons:De la création de valeur pour l’ensemble des métiers d’Air France KLM;Des challenges et problématiques complexes à résoudre;Des parcours de carrières riches et variés;Une offre de formation étendue via notre « Cloud Academy »;Un mode de travail hybride (présentiel + télétravail).


        Voir plus

        


        Voir moins

        


",Europe,Valbonne,Provence-Alpes-Côte d'Azur,France,France
7,Air France,2022-05-19_Paris_Product Owner Senior - Comptabilité AF/KLM_Air France,Product Owner Senior - Comptabilité AF/KLM,Greater Paris Metropolitan Region,2022-05-19,Senior Product Owner - AF/KLM Accounting,['Greater Paris Metropolitan Region'],"


Présentation du contexteL'Assistance à Maîtrise d'Ouvrage de la Finance, qui dépend de la Holding AFKL, est un support essentiel pour les Directions Financières Air France, KLM et Groupe AFKL.Les métiers de la Finance, Contrôle de gestion et Economie des lignes, Affaires comptables, Achats, Trésorerie, Audits & Contrôles internes ont des projets ambitieux de transformation et de digitalisation. L'AMO accompagne la mise en œuvre de la stratégie. L'AMO est une organisation combinée Air France KLM basée à CDG et Amsterdam.L'équipe où serait intégré le candidat est basée à CDG, et est aujourd'hui composée de 8 personnes, dont 6 consultants.Il y a un fort enjeu de ré-internalisation des ressources, car les consultants assurent des missions clés et pérennes pour le Groupe (support SAP FI, support SAP SD, clôture comptable mensuelle Air france.Description de la missionVous êtes rattaché(e) au Responsable du domaine AMO Finance Comptabilité.Vous accompagnez la Direction métier Comptabilité et êtes garant avec celui-ci de l'information et de sa traçabilité.Missions :1) Vous participez au bon déroulement de la clôture comptable mensuelle AF, ce qui exige un suivi rigoureux des procédures en vigueur. Vous vous intégrez à la démarche d'amélioration continue des procédures en faisant des propositions concrètes, et en pilotant leur mise en œuvre.2) Vous assurez le maintien en bonnes conditions opérationnelles des systèmes d'informations soutenant l'activité Comptabilité AFKL :- contrôle et correction des flux de données entre l'ERP SAP (modules FI / SD) et les applications avec lesquelles il est interfacé,- correction des incidents de production, en collaboration avec les équipes informatiquesCette activité requiert capacité à prioriser les demandes (évaluation de la criticité), réactivité et sens du client interne (respect des délais de réponse attendus)3) Vous pilotez des projets d'évolutions stratégiques, avec des implications transverses dans d'autres secteurs du Groupe:- rédaction des spécifications- réalisation des tests,- implémentation- conduite du changement et de la formationEx projets en cours : Passage de la version SAP ECC à SAP4HANA / Changement des outils financiers de la Direction IndustrielleTous les projets Finance AFKL s'inscrivent dans des organisations complexes ; ils nécessitent tout d'abord d'écouter et comprendre le besoin du métier (avec un œil critique et constructif), puis de définir avec l'informatique comment y répondre, dans le respect du budget et des délais attendus.  Les atouts du poste:-Évolutions transverses vers les autres équipes AMO Finance AFKL : postes de chef de projet au Contrôle de gestion, Achats, Corporate- Évolutions transverses vers les équipes informatiques SAP : postes de chef de projet- Management d'équipes AMO Finance ou Informatiques SAP Mais aussi:Evoluer dans un environnement international et dynamique avec des interlocuteurs dans de nombreux secteurs de l'entreprise et avec des parcours variésMener des projets à forts enjeux stratégiques pour le groupe AFKL  Télétravail possible 2 jours par semaineProfil recherché- Bac+5 et plus- Études scientifiques (grande école d'ingénieur, si possible avec une spécialité Finance)- Au moins 10 ans d'expérience professionnelle- Au moins 5 ans d'expérience sur l'ERP SAP (modules SAP FI, CO ou SD)- Management de projet


        Voir plus

        


        Voir moins

        


",Europe,Paris,,France,France
8,Air France,2022-05-20_Occitanie_Ingénieur services Cloud F/H_Air France,Ingénieur services Cloud F/H,"Occitanie, France",2022-05-20,Cloud services engineer F/M,"['Occitanie', 'France']","


Présentation du contexteLa Direction des Systèmes d’Information du groupe Air France/KLM combine les activités informatiques des 2 compagnies aériennes. Elle développe et opère les systèmes et les applications qui supportent les activités des 150 000 utilisateurs dans les différents métiers du Groupe. La sécurisation des données, des systèmes et des applications est placée sous son entière responsabilité.Air France / KLM a lancé un programme de transformation Devops, incluant un volet Cloud hybride. Il se traduit notamment par le déploiement d’une offre de service basée notamment sur des architectures CAAS et PAAS, qui sont le cœur de métier de l’équipe « Cloud Native & Cloud Ready », au sein de laquelle ce poste est ouvert.Ce domaine est appelé à connaitre une croissance importante au fur et à mesure de la transformation du parc applicatif. Il est au cœur de l'innovation technique, en constante évolution, c’est la promesse d’un poste riche aux activités passionnantes.Nous attachons beaucoup d'importance au développement des compétences de nos collaborateurs ainsi qu’à leur offrir des conditions de travail favorables à l’autonomie et aux missions à forte valeur ajoutée. L'ouverture, le respect, la bienveillance et le partage sont des valeurs humaines portées par l'entreprise.Description de la missionAu sein de la plateforme « Cloud Native & Cloud Ready » organisée en équipe Agile et dans le respect des décisions d'architecture informatique, agir en tant qu'expert technique sur les services CAAS & PAAS Les missions de l’ingénieur Cloud sont :Assurer l'activité d'exploitation quotidienne des solutions CAAS & PAAS (Healthchecks ; Performance ; etc..) ,contribuer au bon fonctionnement et à la performance des systèmes, Fournir un support 24/7 (Astreintes) en cas de problèmes sur son périmètre.Concevoir et réaliser de nouvelles solutions, ou l’amélioration de services existants (Contribuer à la conception d'architectures, au choix et au test de solutions, au déploiement en production, à la livraison de la documentation), en s'appuyant sur les recommandations définies par l'Architecte Technique.Informer les acteurs informatiques et leur fournir la documentation et les procédures d'exploitation, de support et de déploiement des produits.Industrialiser : contribuer à l'automatisation des services de l'équipe : Livraison de nouvelles instances, remédiation automatique, etc...Définir des standards et des règles communes à tous les centres de production sur la configuration et l'utilisation des produits.Sécuriser : Assurer l'intégration des contraintes et règles liées à la sécurité du SI.Profil recherchéDe formation Bac +5 dans les domaines de l’informatique avec idéalement une spécialisation dans les aspects techniques des infrastructures informatiques, vous êtes jeune diplômé(e)· Vous êtes rigoureux(se), avec une bonne capacité d'analyse et de synthèse, et prêt à relever les problèmes relatifs à la gestion et à l'optimisation de systèmes complexes.· Vous avez le sens du client et du résultat, vous êtes passionné(e) par les aspects techniques des systèmes d'information, vous êtes capable d'évoluer vers d'autres domaines ou fonctions au sein de l'informatique.· Vous avez une curiosité constante qui vous permettra d'imaginer les solutions de demain pour l'Informatique AFKL.· Vous avez une aisance dans l’utilisation de la langue anglaise votre niveau vous permet d'assurer toutes les activités liées à la mission. Le contexte AF/KL nécessite une bonne sensibilité interculturelle de nombreux déplacements en France et aux Pays-Bas sont à prévoir.· Vous êtes ouvert(e) d'esprit, à l’écoute, vous avez un goût pour le travail en équipe, et une certaine aisance pour la communication verbale et écrite. Travailler dans l’industrie du transport aérien sur un sujet aussi innovant que les services Cloud et le développement de vos compétences est une priorité alors n’hésitez pas à nous contacter !En rejoignant le Groupe Air France / KLM vous trouverez un environnement de travail qui correspond parfaitement à vos attentes !


        Voir plus

        


        Voir moins

        


",Europe,Occitanie,,France,France
9,Air France,2022-05-25_Paris_Responsable SAP Basis et sécurité H/F_Air France,Responsable SAP Basis et sécurité H/F,Greater Paris Metropolitan Region,2022-05-25,SAP Basis and Security Manager M/F,['Greater Paris Metropolitan Region'],"


Au sein de la Direction Informatique, vous rejoindrez la Direction du Développement des Solutions Applicatives Air France/KLM. Vous serez affecté à la Practice SAP, qui regroupe l’ensemble des compétences au sein d’Air France.Des ponts entre les compétences SAP et nos métiers, seront assurés au travers de formations aidant à répondre aux souhaits d’évolution des collaborateurs.Le poste proposé est central afin de répondre efficacement aux besoins des applications, des projets et de la sécurité SAP. Il s’agit de la responsabilité des activités transverses SAP afin de maintenir à l’état de l’art l’ensemble des commodities et des environnements SAP pour la totalité des domaines métier SAP.Description de la mission:Au sein de la SAP Practice, ce poste est central pour garantir l'ensemble des activités transverses relatives aux différents périmètres SAP.DEV Basis, pivot du bon fonctionnement de la totalité des environnements au service des applications et projets SAP. En complément des tâches basis des équipes des opérations SAP OPS:Paramétrer des environnements (Développement, Recette, pré-production et production) aussi bien pour le courant que pour les upgrades, l’application des patchs et des supports package ;Exécuter des projets d’upgrade des commodités ;Suivre les vulnérabilités;Refresh des environnements à partir de la production et copie ciblée;Appliquer des notes OSS et de leurs prérequis;Assurer le support technique et conseil des équipes Value;Réaliser une veille technologique;Communiquer sur l’avancement des travaux;Gérer les relations avec l’éditeur.Gérer les commodités techniques de communication comme SAP PO entre les environnements, SAP Gateway entre les applications mobiles et les back end ;Gérer les commodités fonctionnelles SAP-IDM d'assignation des rôles SAP aux utilisateurs et SAP-GRC de vérification des conflits d'autorisations SAP.Utiliser les commodités techniques CHARM et Solman pour suivre les impacts des futurs upgrades, planifier les tâches des projets et apporter des KPIs standard par BackEnd SAP.Une solution S/4 Hana et Cloud aboutira avant 2027.En complément, vous mènerez des réflexions sur les sujets suivants :Stratégie :Contribuer à la stratégie et la roadmap des environnements et des commodités SAP;Mise en œuvre de la roadmap et les objectifs validés;Définir des standards au sein de la pratique SAP.Organisation :Définir les rôles/missions et les points d’entrée vis-à-vis des responsables des équipes;Gérer les relations avec les équipes des opérations SAP OPSVeiller au respect des règles de sécurité et des SLAGérer le budget relatif à votre domaineVous aurez des missions de management fonctionnel.Profil recherché: Ce que nous vous offrons :Télétravail possible (à moduler en fonction de l’activité) ;Féru de nouveaux apprentissages ? Vous adorerez bénéficier de la SAP Academy !Curieux et agile ? Vous aurez la possibilité d’évoluer au sein de toute les directions d’Air France;Nous aurons à cœur de vous enrichir grâce à un dispositif de formation varié ;Dimension multiculturelle de nos équipes AF-KL, une vraie tribu avec des collègues sympathiques et brillants !Intégrer une compagnie aérienne qui a le goût de l’innovation et du challenge Vous êtes titulaire d’un diplôme de niveau bac+5.Expérience démontrée d’au moins 5 ans dans la gestion des applications, des projets et des tâches transverses SAP Basis (paramétrages techniques des environnements PO, Gateway, BW, Solman, ECC HR/FI-CO-MM, S4Hana)La connaissance de plusieurs modules SAP comme SAP-IDM (Identity Management) ou SAP-GRC (Gestion SOD).Une curiosité naturelle quant à l’évolution du marché et les nouvelles offres majeures SAP.Une bonne culture sur les modules fonctionnels SAP/ECC (FI, CO, MM) et l’utilisation des modules prédictifs et machine Learning SAP serait un plus.Soft skills :Capacité de synthèse et de communication;Capacité à gérer des projets en mode agile;Sens du client et du résultat;Attitude constructive et bon relationnel.Etre à l’aise en anglais, à l’écrit comme à l’oral sera nécessaire pour occuper ce poste.Des déplacements sont possibles à Amsterdam.


        Voir plus

        


        Voir moins

        


",Europe,Paris,,France,France
10,Air France,2022-05-25_Orly_Functional Application Manager SAP Finance Accounting H/F_Air France,Functional Application Manager SAP Finance Accounting H/F,"Orly, Île-de-France, France",2022-05-25,Functional Application Manager SAP Finance Accounting H/F,"['Orly', 'Île-de-France', 'France']","


Présentation du contexteDans le cadre de la transformation du domaine Finance d’Air France Industries avec notamment la mise en place d’une nouvelle solution SAP sur ce domaine, le département assistance à maitrise d’ouvrage d’Air France Industries recherche son Functional Application Manager (FAM) accounting pour accompagner notre métier Finance sur les applications de ce périmètre.Description de la missionAu sein de la product team finance (6-7 personnes), vous serez responsable du bon fonctionnement de la solution SAP sur le périmètre accounting, ainsi que de son évolution en adéquation avec les orientations et besoins métiers, les méthodes de fonctionnement et les processus définis par le métier. A ce titre vous aurez pour principales missions :- Etre le référent pour les utilisateurs (Key users) et les accompagner dans l'utilisation au quotidien du SI- Assurer le maintien opérationnel des applications du domaine Finance- Contribuer au fonctionnement de la product team sur le volet accounting- Définir et mettre en œuvre les évolutions en adéquation avec les besoins utilisateurs.- Analyser les incidents signalés et les assigner à l'équipe IT appropriée- Tester et approuver les corrections d'anomalies livrées- Communiquer le contenu des versions avec les parties prenantesVous serez en contact avec les entités métier et AMO d'Air France Industries et de la direction Corporate Finance du groupe Air France/KLM ainsi qu’avec la direction informatique d’Air France/KLM.Profil recherchéIngénieur, diplômé d'une grande école ou d'une université avec une première expérience dans le domaine de la comptabilité , vous êtes proactif, orienté clients, dynamique et possédez de grandes qualités relationnelles vous permettant d’animer / coordonner des activités dans un environnement multinational et multiculturel.L'utilisation de l'anglais écrit et parlé au quotidien ne vous pose pas de problème particulier.Vous êtes capable d'animer des réunions, de rédiger des documents et de faire des présentations en anglais.Vous aimez le travail en équipe tout en étant autonomeVous possédez pour y réussir, un goût certain pour l'analyse et la réflexion.Une très bonne connaissance et pratique de l’ERP SAP sur le domaine Finance (FI/CO) est indispensable.


        Voir plus

        


        Voir moins

        


",Europe,Orly,Île-de-France,France,France
11,Air France,2022-05-25_Toulouse_Ingénieur cyber sécurité gestion des identités et des accès (IAM)_Air France,Ingénieur cyber sécurité gestion des identités et des accès (IAM),"Toulouse, Occitanie, France",2022-05-25,Identity and access management (IAM) cyber security engineer,"['Toulouse', 'Occitanie', 'France']","


La Direction des Systèmes d’Information du groupe Air France/KLM combine les activités informatiques des 2 compagnies aériennes. Elle développe et opère les systèmes et les applications qui supportent les activités des 150 000 utilisateurs dans les différents métiers du Groupe. La sécurisation des données, des systèmes et des applications est placée sous son entière responsabilité.Air France / KLM investit massivement dans la Cyber Sécurité pour se protéger d’une menace toujours croissante. Ainsi le Groupe maintient constamment ses solutions au standard de l’industrie, et les équipes dédiées à cette activité au sein du département Opérations Sécurité sont en croissance depuis plusieurs années. Plus que jamais, l’Entreprise a confirmé cette stratégie et poursuit ses investissements dans ce domaine.Nous attachons beaucoup d'importance au développement des compétences de nos collaborateurs ainsi qu’à leur offrir des conditions de travail favorables à l’autonomie et aux missions à forte valeur ajoutée. L'ouverture, le respect, la bienveillance et le partage sont des valeurs humaines portées par l'entreprise.Le département des Opérations Sécurité a deux missions principales : La conception, l’intégration et les opérations des solutions de sécurité déployées dans des domaines aussi divers que la gestion des identités, le contrôle des accès à nos systèmes, la sécurisation de nos données et de nos plateformes Cloud, ou encore les outils de Cyber Défense. La détection et l’analyse des alertes de sécurité, et la réaction et remédiation aux incidents de sécurité (SOC). Au sein de l’équipe Identity Access Management (IAM) à Toulouse, vous serez amené (e) à :Effectuer des travaux d’étude et d’architecture de solutions d’IAM dans l’écosystème AFKL, de valider ces travaux à travers des POC, de les industrialiser, de les implémenter dans les différents environnementsRépondre au besoin des clients, à travers des RFI, RFP, des analyses du marchéParticiper à la définition des architectures de demain, notamment en participant aux grands projets de transformation de l’entreprise comme par exemple la mise en œuvre du cloud AzureAssurer le maintien en condition opérationnelles et de sécurité de nos solutions.Vous ferez partie d’une équipe incluant des personnels d’Air France et de KLM et organisée en mode Agile/Kanban:Dans le cadre de sa mission, l’ingénieur(e) cyber sécurité IAM interagit très régulièrement avec de nombreuses personnes de profils très différents : architectes d’entreprise et experts des autres équipes Sécurité, équipes systèmes, équipes de développement en charge de nos produits applicatifs…L’ingénieur(e) cyber sécurité IAM travaille aussi en étroite collaboration avec l’équipe RSSI (Responsable Sécurité Système Information) en charge de l’analyse des risques cyber sécurité pour les différents métiers, et de la définition de la politique sécurité du Groupe. Enfin, il (elle) est en contact avec les équipes du SOC et est en mesure de leur apporter son soutien (pro activement ou en réaction) sur les incidents de sécurité.De formation ingénieur ou Master 2 en informatique avec une spécialisation en sécurité des systèmes d’information.Vous justifiez d’une expérience d’au moins 5 ans dans le domaine de la cyber sécurité et de l’IAM en particulier, et votre objectif est de développer vos compétences en évoluant dans cette activité dans un environnement métier varié et multiculturel où la sécurité informatique est un enjeu majeur.Vous aimez travailler en réseau, vous avez un sens aigu de la communication, vous êtes confortable pour échanger à l’écrit comme à l’oral en anglais en toute situation : autant d’atouts incontestables pour une collaboration efficace aussi bien en interne qu’avec de nombreux partenaires externes, en France comme aux Pays-Bas, mais aussi partout dans le monde au sein d’un réseau en constante évolution.Dans un contexte d’activité en croissance, les tâches ou sujets récurrents et industrialisables sont sous-traités. Vous pourrez donc être amené(e) à organiser et à suivre la délégation de sujets techniques.Votre appétence particulière pour les technologies de l’information, l’innovation, une grande rigueur d’analyse, de pugnacité dans la recherche de solutions ainsi qu’une curiosité constante vous permettent à la fois d’assurer le maintien en condition de sécurité de nos infrastructures, et d’imaginer les solutions de demain.En rejoignant le Groupe Air France / KLM vous trouverez un environnement de travail qui correspond parfaitement à vos attentes !


        Voir plus

        


        Voir moins

        


",Europe,Toulouse,Occitanie,France,France
12,Air France,2022-05-25_Toulouse_Architecte technique sécurité contrôle périmétrique (Border Control) H/F_Air France,Architecte technique sécurité contrôle périmétrique (Border Control) H/F,"Toulouse, Occitanie, France",2022-05-25,Perimeter Control Security Technical Architect (Border Control) M/F,"['Toulouse', 'Occitanie', 'France']","


Présentation du contexte:La Direction des Systèmes d’Information du groupe Air France/KLM combine les activités informatiques des 2 compagnies aériennes. Elle développe et opère les systèmes et les applications qui supportent les activités des 150 000 utilisateurs dans les différents métiers du Groupe. La sécurisation des données, des systèmes et des applications est placée sous son entière responsabilité.Air France / KLM investit massivement dans la Cyber Sécurité pour se protéger d’une menace toujours croissante. Ainsi le Groupe maintient constamment ses solutions au standard de l’industrie, et les équipes dédiées à cette activité au sein du département Opérations Sécurité sont en croissance depuis plusieurs années. Plus que jamais, l’Entreprise a confirmé cette stratégie et poursuit ses investissements dans ce domaine.Nous attachons beaucoup d'importance au développement des compétences de nos collaborateurs ainsi qu’à leur offrir des conditions de travail favorables à l’autonomie et aux missions à forte valeur ajoutée. L'ouverture, le respect, la bienveillance et le partage sont des valeurs humaines portées par l'entreprise.Description de la mission:Le département des Opérations Sécurité a deux missions principales : La conception, l’intégration et les opérations des solutions de sécurité déployées dans des domaines aussi divers que la gestion des identités, le contrôle des accès à nos systèmes, la sécurisation de nos données et de nos plateformes Cloud, ou encore les outils de Cyber Défense.La détection et l’analyse des alertes de sécurité, et la réaction et remédiation aux incidents de sécurité (SOC). En tant qu’Architecte Technique sécurité au sein de l’équipe Border Control à Toulouse, vous serez garant de la mise en place de la politique sécurité du Groupe, et à ce titre :Vous êtes responsable de la conception des solutions de sécurité qui protègent et filtrent les flux réseaux entrant et sortantVous définissez l'architecture et la conception détaillée, ainsi que l'ensemble des interfaces avec le reste du système d'information, et en particulier les composants réseau ou applicatifsVous contribuez aux grands projets de transformation de l'IT AF/KL (Cloud) afin d'y déployer les solutions de sécurité requisesVous validez les travaux au travers de POC afin d’industrialiser ensuite les solutionsVous participez à des analyses de marché par la réalisation de RFI/RFPVous contribuez au maintien en conditions opérationnelles et de sécurité de nos solutions avec les autres membres de l’équipe, dans un contexte très opérationnel (crise Cyber, vulnérabilités, plan de reprise d’activités).Faisant partie intégrante d’un réseau d’architectes, sous la responsabilité du Technical Domain Architect (TDA), vous participez aussi à la cohérence d'ensemble de l'architecture des solutions de sécurité, en étroite collaboration avec les autres Architectes Techniques du domaine Sécurité.Vous ferez partie d’une équipe incluant des personnels d’Air France et de KLM et organisée en mode Agile/Kanban.L’architecte Technique sécurité BC travaille aussi en étroite collaboration avec l’équipe RSSI (Responsable Sécurité Système Information) en charge de l’analyse des risques cyber sécurité pour les différents métiers, et de la définition de la politique sécurité du Groupe. Enfin, vous serez en contact avec les équipes du SOC et est en mesure de leur apporter un soutien (pro activement ou en réaction) sur les incidents de sécurité.Profil recherché: De formation ingénieur ou Master 2 en informatique avec une spécialisation en sécurité des systèmes d’information.Vous justifiez d’une expérience d’au moins 5 ans dans le domaine de la cyber sécurité et du contrôle périmétrique en particulier, et votre objectif est de développer vos compétences en évoluant dans cette activité dans un environnement métier varié et multiculturel où la sécurité informatique est un enjeu majeur.Vous aimez travailler en réseau, vous avez un sens aigu de la communication, vous êtes confortable pour échanger à l’écrit comme à l’oral en anglais en toute situation : autant d’atouts incontestables pour une collaboration efficace aussi bien en interne qu’avec de nombreux partenaires externes, en France comme aux Pays-Bas, mais aussi partout dans le monde au sein d’un réseau en constante évolution.Votre appétence particulière pour les technologies de l’information, l’innovation, une grande rigueur d’analyse, de pugnacité dans la recherche de solutions ainsi qu’une curiosité constante vous permettent à la fois d’assurer le maintien en condition de sécurité de nos infrastructures, et d’imaginer les solutions de demain.En rejoignant le Groupe Air France / KLM vous trouverez un environnement de travail qui correspond parfaitement à vos attentes !Vous vous appuierez sur des compétences solides sur les sujets suivants :· Réseau : routage avancé (MPLS, BGP, OSPF), ACI· Firewall : CheckPoint, mais aussi PaloAlto ou Fortinet· VPN : Pulse Secure et Zscaler· F5· Ecosystème applicatif : AS, MQTT, API(Json), SOA(xml), OIDC/OAUTH (notions), SSL avec ou sans certificat client, Local Traffic Management· Radius· Azure Cloud· Et sur une bonne maitrise globale des outils et systèmes informatiques majeurs, en particulier de Linux, Windows Travailler dans l’industrie du transport aérien sur un sujet aussi innovant que la cyber sécurité vous motive, vous appréciez le travail en équipe multiculturelle et le développement de vos compétences est une priorité alors n’hésitez pas à nous contacter !


        Voir plus

        


        Voir moins

        


",Europe,Toulouse,Occitanie,France,France
13,bilum Paris,2022-06-02_Île-de-France_RESPONSABLE COMMERCIAL (H/F)_bilum Paris,RESPONSABLE COMMERCIAL (H/F),"Île-de-France, France",2022-06-02,RESPONSABLE COMMERCIAL (H/F),"['Île-de-France', 'France']","


ENTREPRISE :bilum est une manufacture d’upcycling qui donne une seconde vie à des matières destinées à être éliminées, en les transformant en sacs et accessoires. Le circuit de production est court, local et inclusif. En 17 ans bilum a upcyclé 50 000 m2 de matière et réalisé plus 300.000 pièces uniques et originales. Avec une part importante de clients B2B (Air France, Ministère de l’intérieur, Château de Versailles, SNCF, Sony, 8 maisons du groupe LVMH…) nous nous adressons également au grand public avec une offre disponible sur bilum.frNotre brand manifesto ici.PROJETS DANS LES 18 MOIS : Déménagement (+ proche de Paris) et levée de fonds. MISSIONS PRINCIPALES :bilum est une entreprise jeune, dynamique, avec un concept original et un style managérial qui vous permettra rapidement d’être autonome, polyvalent et force de proposition, au sein d’une équipe bienveillante.Sous la direction de la fondatrice, vous serez en charge de la supervision de l’activité commerciale B2B de l’entreprise. A ce titre vous serez amené à :. Définir et mettre en œuvre la stratégie commerciale BtoB de bilum pour contribuer activement à son développement (stratégie de prospection, analyse du portefeuille existant et fidélisation, optimisation, étude d’opportunités).. Structurer l’activité du pôle commercial en s’appuyant sur l’outil CRM en place. . Recruter et animer l'équipe commerciale. · Identifier, coordonner et participer à des évènements et salons opportuns pour développer l’activité commerciale et l’image de bilum. PROFIL ET QUALITÉS PERSONNELLES :De formation supérieure.Expérience de 3 années minimum dans une fonction purement commerciale.Esprit d’analyse, rigoureux et autonome ; proactif et agile.Aisance relationnelle, qualités managériales.Sensibilité mode, design et Développement Durable dans un environnement TPE.CONTACT : CV et motivations à envoyer sur recrutement@bilum.fr


        Voir plus

        


        Voir moins

        


",Europe,Île-de-France,,France,France
14,Nannybag,2022-06-01_Paris_Social Media Assistant / Visual content intern_Nannybag,Social Media Assistant / Visual content intern,"Paris, Île-de-France, France",2022-06-01,Social Media Assistant / Visual content intern,"['Paris', 'Île-de-France', 'France']","


Job descriptionNannybag is the world’s largest collaborative luggage storage network. Since our beginning in 2016, our team has been on a mission to free travelers from their luggage so they can fully enjoy their day. On the way, we developed safe and affordable solutions, which our communication team is in charge of promoting through various platforms.Today, we’re proud to be the leader in temporary luggage storage worldwide, with over 10,000 partners located in 40 countries and 500 cities around the world, +1 million pieces of luggage stored, and partnerships with significant tourism and transport actors such as AccorHotels, Air France, FlixBus, Louvre Hotels Group, Mail Boxes Etc, UPS Store and many others.OUR SERVICESLuggage storage:Our customers can store their luggage among an extensive network of hotels, restaurants, and partner shops, which we affectionately call “Nannies,” close to train stations, metro stations, and tourist sites of their choice.Luggage shipping:Think of our door-to-door luggage service as one more step towards a simplified traveler experience! We collect luggage, parcels, sports equipment, and musical instruments from travelers’ homes and send them to the address of their choice. All that is left for them to do is travel hands and mind free!ABOUT THE JOBNot to sound superficial, but make us look good! As a thriving startup, we are looking for a strong and creative voice to help us align our potential with the way our brand is perceived by our users and potential clients.As a visual content intern, you’ll be in charge of turning the Nannybag philosophy into a fun, yet clear and relatable experience to make people eager to get to know our services.YOUR MISSIONSCreate and edit fun and super creative videos to grow our audienceScout influencers and content creators to collaborate with in order to grow our awareness internationallyIdentify, test & learn new techniques to unlock growthHelp the communication team build our global communication strategyOrganize, manage and track campaigns on a daily basis to ensure that set goals are reachedYOUR SKILLSFluent or Native Level of English, French is a plusProficiency with After Effects and Premiere Pro,Good knowledge of Photoshop and IllustratorExperience with taking photos, video editing, and strong graphic design basisGood writing skillsMastery of motion design techniques would be a real plusYOU’LL SUCCEED IF YOUEnjoy working on different projects and can multitask 🤳 🎥 ✍️Instagram and TikTok have no secrets for you: you are used to scrolling these platforms and you have been following the most creative accounts for a long time 📱Ideally, you have a TikTok and Instagram account yourself and you’re not afraid to show your face to embody our brand through videos 💁💁‍♂️You make sure to express your opinions and ideas and know how to collaborate well with various types of personalities 💬Are creative, and always on the lookout for the next social media trends 🎨 🔍You spent your childhood pretending to be Spielberg and binging on MTV clips! 🎥You’ll score extra points if you’ve already had a startup experience 🚀PS: This job won’t be a good fit if you’ve never traveled and/or aren’t passionate about travel!SOME OF THE PERKS YOU’LL ENJOYA bilingual work environment 🇬🇧 🇫🇷A young and motivated team, eager to exchange creative ideas with you and make a difference 💪Partial remote work: we trust people to work remotely and come to the office once a week 💻A nice office with a big terrace and many on-site perks (say hello to table soccer and barbecue sessions!) 😎Recruitment process1/ A quick call with Negin, our Social Media Manager2/ Cultural fit interview with our communication team🚨 IMPORTANT 🚨We are looking for someone available to join us ASAP.Please send your CV, along with your TikTok/Instagram handle or an example of your previous work, to negin@nannybag.com.OUR COMMITMENTEach qualified person will be evaluated according to skills, regardless of age, gender identity, ethnicity, sexual orientation, disability status, or religion.In a nutshell, do as Nirvana said: come as you are. We believe that anyone with a positive mindset can bring something to the Nannybag table! If you recognize yourself in the above description, you’re probably already one of us. So go ahead and apply, we can’t wait to get to know you!


        Voir plus

        


        Voir moins

        


",Europe,Paris,Île-de-France,France,France
15,Airfoils Advanced Solutions,2022-06-09_Rosult_Référent procédés contrôles et mesures_Airfoils Advanced Solutions,Référent procédés contrôles et mesures,"Rosult, Hauts-de-France, France",2022-06-09,Control and measurement processes referent,"['Rosult', 'Hauts-de-France', 'France']","


Description de la société Airfoils Advanced Solutions est une usine 4.0 mettant en œuvre des hautes technologies dans son process de fabrication et dans ses systèmes d'information. Elle se positionnera au meilleur niveau mondial dans un marché exigeant et international. Elle est née d'un projet industriel commun de deux leaders mondiaux de l'industrie aéronautique, Air France Industries KLM E&M et Safran Aircraft Engines.La société est dédiée à la réparation d’aubes de compresseurs haute-pression de moteurs d’avions de ligne (GE90, CFM56) et est implantée sur le Parc d’Activités de Sars-et-Rosières, à 25 min de Lille.  Description de la mission  Au sein d’AIRFOILS ADVANCED SOLUTIONS - JV Safran Aircraft Engines - Air France KLM Industries, vous intervenez en tant que référent technique sur les méthodes, moyens de contrôles et de mesures : contrôle non destructifs type ressuage et radiographie numérique, mesure tridimensionnelle via MMT, mesures dimensionnelles et d’état de surface (Alicona Infinite Focus, 4D InSpec).Vous piloterez des sujets de support Production afin de permettre un fonctionnement continu à l’atelier, au travers d’actions quotidiennes et assurez la fiabilité et la performance des éléments liés à ces moyens. Vous travaillez également sur des projets d’industrialisations : nouveaux produits en respectant les objectifs de délais, coûts, qualité et SSE. Vos missions : Analyser les problèmes techniques et effectuer la communication correspondante dans le cadre du support Production et Industrialisation.Être en support pour les interfaces avec les fournisseurs en tant qu'interlocuteur techniqueÊtre en support en cas de problèmes techniques aux services production et maintenanceEffectuer les études technico-économiques dans le cadre d’investissements et notamment sur un nouveau moyen MMT.Définir les besoins techniques en formation des opérateurs de Production et valider le contenu proposé.Participer à la construction et à la mise en place d'un plan de maintenance préventive.Participer au projet de développement et de mise en place de l'informatique industrielle. Liste des missions non exhaustives.  Profil candidat Nous recherchons un profil ingénieur / Technicien (H/F) avec une expérience de 5 ans minimum dans un environnement industriel en fort lien avec la production et orienté contrôles/mesures. Vous devez être reconnu(e) pour votre énergie et votre envie pour piloter des projets, travailler en équipe et également pour vos talents de communication et de rédaction en anglais comme en français.  La connaissance des outils méthodologiques de résolution de problème (8D, AMDEC, QRQC, 5P..) est un plus.  Une expérience technique dans l’aéronautique ou un domaine réglementé serait apprécié.


        Voir plus

        


        Voir moins

        


",Europe,Rosult,Hauts-de-France,France,France
16,Airfoils Advanced Solutions,2022-06-09_Saint-Amand-les-Eaux_Référent procédés contrôles et mesures_Airfoils Advanced Solutions,Référent procédés contrôles et mesures,"Saint-Amand-les-Eaux, Hauts-de-France, France",2022-06-09,Control and measurement processes referent,"['Saint-Amand-les-Eaux', 'Hauts-de-France', 'France']",,Europe,Saint-Amand-les-Eaux,Hauts-de-France,France,France
17,Groupe Campus,2022-05-25_Montreuil_Directeur des Opérations H/F_Groupe Campus,Directeur des Opérations H/F,"Montreuil, Île-de-France, France",2022-05-25,Director of Operations M/F,"['Montreuil', 'Île-de-France', 'France']","


Groupe Campus, 1ère agence de communication spécialisée sur la cible étudiante qui sait rester jeune au contact des étudiants ! Une agence de communication 360° spécialisée sur la cible étudiante parce qu'on est comme eux, on a des idées et des projets plein la tête...Créée en 1985, notre agence offre une offre globale 360°, afin de proposer à ses clients une solution globale avec 4 pôles d'expertise, mais 1 seul interlocuteur expert de la cible jeune (15-27 ans). Éditrice du magazine gratuit CampusMag, nous nous sommes diversifiés en proposant un pôle événementiel innovant (tournées, roadshow, street marketing, affichage...) mais aussi en proposant un réseau d'influenceurs de marque étudiants dans toute la France. Groupe Campus est aujourd'hui la seule agence à proposer du média et du hors média ainsi qu'une offre tactique basée sur une mécanique de viralité. Nos clients ? pas des moindres : Amazon, Google, YouTube, Adidas, Levi’s, Uniqlo, Asos, Boulanger, Conforama, But, Cdiscount, Honor, Asus, Acer, Xiaomi, Carrefour, Deezer, Canal+, Nescafé, Coca Cola, Red bull, Haribo, L'Oréal, Yves Rocher, Axa, Crédit Mutuel, Accenture, Groupe La Poste, Groupe Bouygues, Air France, SNCF, L'Armée de Terre, etc...Aujourd’hui nous sommes une équipe de 20 passionnés, déterminés à révolutionner la communication !Nos Valeurs :- « Ambition » : nous sommes convaincus que les limites sont faites pour être dépassées, en innovant et en osant.- « Tous acteurs » : ton impact est réel et mesurable, tu contribues directement au succès et à l'évolution de Groupe Campus.- « Travail d'équipe » : écoute, co-construction, entraide sont au cœur de notre ADN et de notre succès. Nous grandissons ensemble et partageons les mêmes objectifs en donnant du sens à notre travail.- « Cohésion » : nous aimons travailler sérieusement mais sans jamais se prendre au sérieux et nous partageons des moments de complicité intense.- « Adaptabilité » : nous n'hésitons pas à nous remettre en cause et bousculer nos façons de faire pour constamment nous renouveler et créer. Nous sommes toujours à l'écoute de nos clients et nos collaborateurs et nous efforçons d'anticiper leurs besoins pour trouver une solution rapide et adaptée.Aujourd'hui si tu aspires…· À enrichir tes compétences au sein d’une agence multi expertises ?· À te dépasser, avec de nouvelles missions et responsabilités ?· À challenger ton naturel accrocheur, tenace et enthousiaste !· A faire grandir une équipe grâce ton expertise !N’hésite plus et rejoins nous !Pour soutenir nos ambitions de croissance, nous avons besoin de renforcer rapidement les équipes. Nous cherchons notre futur Directeur des Opérations H/F, pour travailler en direct avec les 2 Directrices associées et coordonner les opérations 360 et l’équipe projet.Ton rôle et ton quotidien :En étroite collaboration avec les 2 Directrices Associées, tu assures le bon suivi des projets et leur bonne réalisation.Tu auras particulièrement en charge de :· Former, encadrer, coordonner les équipes (6 chefs de projet) tant sur la bonne réalisation des missions que sur la relation client dans son intégralité· Être l’encadrant de l’ensemble des projets de l’agence (terrain et digitale)· Répartir les missions entre les différents chefs de projet/régisseurs (fiches projets, budgets, rétroplanning)· Participer au brainstorming/réunions clients de suivi de projet et bilans d’opérations pour faire performer les projets clients· Être force de proposition pour améliorer les projets et innover !On te veut :· Avec de la créativité, de l'écoute active, de l'audace, du bon sens et une bonne dose d'humour !· Avec une bonne dose de résilience, d’empathie, de bon sens et d’implication pour organiser, prioriser et optimiser chacune des opérations et en faire des succès· Avec des talents de management de la relation client et de fortes capacités à superviser et faire grandir les équipes projet multidisciplinaires· Avec un bon background : Bac+5 (école spécialisée en communication, média, ou marketing), anglais courant, 5 ans minimum d’expérience en agence (évent et digital) avec un rôle de management de proximité en tant que Chef de Groupe, COO, Project Manager, Direction de Pôle/Clientèle/Opérations/Production ou encore Head of Évent)On te le rend bien :· Bonne ambiance, fun, équipe jeune, dynamique et conviviale !· Rémunération attractive : Fixe 60 -70 K€ + variable sur marge 15-20 K€· Statut cadre· Mutuelle + TR Swile + télétravail partiel + afterwork et séminaire annuel


        Voir plus

        


        Voir moins

        


",Europe,Montreuil,Île-de-France,France,France
18,LVMH,2022-06-07_Paris_Vice_LVMH,Vice,"Paris, Île-de-France, France",2022-06-07,Vice,"['Paris', 'Île-de-France', 'France']","


        PositionÀ PROPOS DE PELHAM MEDIAChampioning Positive IdeasTM : faire gagner les idées positives de nos clients, c’est ce que nous faisons depuis 2000. Nous pensons qu’il est essentiel pour les entreprises d’expliciter le cœur de leur projet entrepreneurial et de raconter à leurs audiences en quoi elles contribuent positivement au monde. Nous les y aidons, nous appuyant sur le pouvoir du verbe (dans toutes les langues), de l’image, du digital et des événements.Créé en 2000 par 2 anciens journalistes de The Economist et un consultant en organisation (Charles River Associates, Boston), Pelham Media Ltd. accompagne 24 entreprises du CAC 40 avec ses 5 agences : Pelham Media, WordAppeal, L’Eclaireur, KCO et Alto International. Le Groupe a réalisé un chiffre d’affaires de plus de 16 millions d’euros en 2021 avec 70 collaborateurs.Pelham Media Ltd. accompagne la communication de grandes entreprises, institutions et associations depuis de nombreuses années : EDF (depuis 2001), Air France (depuis 2001), Veolia (depuis 2001), ENGIE (depuis 2002), Thales (depuis 2002), Arte (depuis 2002), Air Liquide (depuis 2004), France 24 (depuis 2005), Pernod Ricard (depuis 2006), Capgemini (depuis 2006), Accor (depuis 2007), Orange (depuis 2008), TotalEnergies (depuis 2011), Salesforce (depuis 2011), Action Contre la Faim (depuis 2012), Valeo (depuis 2012), VINCI (depuis 2012), Edenred (depuis 2013), BNP Paribas (depuis 2014), LVMH (depuis 2016), Handicap International (depuis 2017), Carrefour (depuis 2019), Google (depuis 2020).En avril 2016, Pelham Media Ltd. a rejoint le Groupe Les Echos – Le Parisien (groupe LVMH).MISSIONRattaché au Président de Pelham Media Ltd., le Vice-Président Éditorial aura pour mission d’animer et de développer l’activité éditoriale au sein du groupe Pelham Media Ltd.définition et positionnement de l’offre et de son storytelling ;mise en œuvre de la stratégie de développement ;prospection d’un portefeuille de clients sur les activités de conseil en communication éditoriale ;développement de la visibilité et de la notoriété des expertises de l’agence (création d’événements, participation aux colloques, etc.).Pour ce faire, le Vice-Président Éditorial participe au recrutement et à l’animation d’une équipe et gère les moyens opérationnels à mettre en œuvre pour atteindre les objectifs financiers fixés. Représentant de l’agence, il participe à la stratégie de communication externe et au rayonnement de Pelham Media et de ses marques. Collaborateur de confiance, il connaît, diffuse et co-incarne la vision Groupe et ses valeurs sur les activités et particulièrement sur l’activité éditoriale qu’il dynamise, fait vivre et rayonner, avec exigence, excellence et créativité.ACTIVITÉSStratégie et développementLe Vice-Président Éditorial décline les orientations stratégiques de Pelham Media Ltd. En accord avec le Président, il fixe les objectifs de développement commercial et de conquête de nouveaux marchés. Il détermine, avec l’appui de la direction de clientèle, des agences du Groupe, les priorités de croissance au sein du portefeuille clients et les efforts commerciaux à réaliser sur les clients à fort potentiel. Il contribue à définir l’offre éditoriale, identifie les opportunités et élargit le champ des possibles notamment en termes de formats de contenus et propose les pistes de développement. Il supervise l'animation des budgets les plus importants et les réponses aux appels d'offres, et plus globalement l’atteinte des objectifs commerciaux.ProfileIl reste en veille sur ses marchés afin de nourrir ses équipes des dernières tendances. Il incite ses collaborateurs à être novateurs et créatifs. Il anime le partage des bonnes idées et bonnes pratiques.Le Vice-Président Éditorial supervise et gère les moyens organisationnels, techniques humains, financiers et logistiques nécessaires pour atteindre les objectifs fixés. Garant des engagements de qualité et de service client, il coordonne les partenaires et prestataires.Pilotage opérationnelIl réalise les missions de conseil en communication en élaborant les éléments de langage, en formalisant les lignes éditoriales, les discours de crise, les media plannings, en définissant les formats éditoriaux.Il assure la rédaction en chef et est garant du niveau d’excellence formelle et de la justesse rédactionnelle des contenus, de leur adéquation avec les lignes éditoriales. Il s’assure de la juste compréhension des métiers et des problématiques des clients.Expert éditorial opérationnel, il conçoit et produit les supports et contenus digitaux et / ou print.Il sollicite et coordonne les ressources internes (éditorial, vidéo, créa, UX/UI, développement…) et externes. Il s’assure de la rentabilité des projets ainsi que du respect des délais. Il identifie les problèmes et fait aboutir les solutions avec réactivité.Il assure un reporting d’activité régulier au Président.PROFIL SOUHAITÉVotre envergure intellectuelle, votre capacité à prendre du recul, ainsi que votre charisme et vos qualités argumentatives vous permettent de fournir une réflexion stratégique objective et pertinente.Vous êtes curieux de nature, et présentez un intérêt particulier pour les grandes entreprises, et plus généralement pour le monde économique.Vous êtes doté d’une plume exceptionnelle, et maîtrisez parfaitement les règles d’écriture et les contraintes liées aux différents supports.Vos expériences précédentes vous donnent la légitimité suffisante auprès de vos clients et des équipes et nourrissent votre capacité à développer un réseau et à vous entourer des bonnes ressources.Pour ce poste polyvalent qui nécessite imagination et rigueur, nous attendons un tempérament énergique et ambitieux, une grande capacité créative et un esprit incisif.Formation Filière d’excellence et grandes écoles (HEC, ESCP, ESSEC, Sciences Po, l’ENA, l’ENS, Polytechnique, l’École des Mines, l’École des Ponts, etc.).Compétences Compétence pré-requise : qualités éditoriales exceptionnelles (langue française).Leadership, bonnes qualités relationnelles et rigueur.Bonne résistance à la pression.Anglais courant.Expérience Expérience significative et réussie dans des missions similaires – directeur de cabinet, plume de dirigeant, directeur éditorial, etc.Additional informationDes tests éditoriaux peuvent être soumis.Entretien 1 : RHEntretien 2 : OpérationnelEntretien 3 : Direction généraleEntretien 4 : PrésidentContract type: Emploi à durée indéterminée


        Voir plus

        


        Voir moins

        


",Europe,Paris,Île-de-France,France,France
19,Sunaero EMEA,2022-06-01_Genay_Ingénieur Chef de Projet Bureau d'Etude_Sunaero EMEA,Ingénieur Chef de Projet Bureau d'Etude,"Genay, Auvergne-Rhône-Alpes, France",2022-06-01,Project Manager Engineer Design Office,"['Genay', 'Auvergne-Rhône-Alpes', 'France']","


Qui sommes-nous ? Sunaero est une PME internationale innovante (plus de 20 brevets) en maintenance aéronautique et plus particulièrement dans le domaine de la réparation de fuites sur réservoirs carburant. Depuis plus de 25 ans, notre ligne de produits, en rupture technologique, permet des gains de temps et des gains financiers sans équivalent que ce soit dans le cas des situations « AOG » (avion bloqué au sol) ou de maintenance programmée, permettant de réduire les temps d’immobilisation des aéronefs civils et militaires.Nos clients sont à la fois les ateliers de réparations avions civils MRO (Air France Industries, Lufthansa Technik…), militaires (DGA, armées de l’air nationales…) et les constructeurs (Dassault, Airbus, Leonardo…).Les produits Sunaero sons un condensé de technologies et s’axent autour de 3 principaux domaines : le remplissage et pressurisation des réservoirs carburants, la détection des fuites au gaz traceur et le séchage accéléré des mastics et peintures par radiants infrarougesLe bureau d’étude Sunaero est en charge de la définition, conception et développement des produits, de leur certification (CE, ATEX,…) et de leur amélioration continue. Sunaero possède également sa propre équipe d’intervention pouvant être projetée rapidement sur le globe pour des interventions urgentes sur avion.Les missions qui vous attendent :Dans le cadre de son développement, Sunaero recherche un ingénieur chef de projet bureau d’étude (H/F). Sous la responsabilité du responsable technique et au sein d’une bureau d’étude de 4 personnes, vos missions seront les suivantes :- Analyse du besoin- Définition du cahier des charges- Conception de la solution (mécanique, pneumatique, électrique, automatisme, et intégration générale)- Réalisation du prototype- Essais de qualification en usine et sur terrain- Industrialisation du produit (gestion des documents méthode et fabrication)- Gestion du projet de développement (Cout-Qualité-Délai) et du relationnel client.- Amélioration continue- Support technique au client sur nos produits et applications.Des déplacements ponctuels sur avion sont à prévoir pour les prises d’informations initiales au projet, les expertises techniques produits, la mise en route des prototypes et la mise en œuvre du matériel.Vous maitrisez les logiciels de conception CAO, et possédez une première expérience en conception de machines spéciales, mécatroniques et/ou mêlant électricité, mécanique, pneumatique, supervision, capteurs… Un bon niveau d’autonomie est demandé.Si vous souhaitez rejoindre une entreprise dynamique, technologique, à taille humaine, et incarner un ingénieur proche du terrain avec des missions très variées et pluridisciplinaires, nous attendons votre candidature !Profil recherché :• Formation Ingénieur (bac + 5 minimum) type généraliste.• 2-3 années d’expérience sur poste similaire ou provenant d’une formation en alternance.Informations diverses : • Anglais professionnel requis • Déplacements ponctuels en Europe à prévoir• Poste basé à Genay (69730) à 20min au nord de Lyon • Type de contrat : CDI• Salaire selon expérience• Poste à pourvoir dès JuilletContact : • gpeyron@sunaero.com, Responsable technique• Plus d’informations sur l’entreprise sur le site internet www.sunaero.com


        Voir plus

        


        Voir moins

        


",Europe,Genay,Auvergne-Rhône-Alpes,France,France
20,Servair,2022-06-01_Roissy-en-France_ALTERNANCE (ROISSY & ORLY) - CHARGE DE QUALITE HYGIENE SECURITE ENVIRONNEMENT H/F_Servair,ALTERNANCE (ROISSY & ORLY) - CHARGE DE QUALITE HYGIENE SECURITE ENVIRONNEMENT H/F,"Roissy-en-France, Île-de-France, France",2022-06-01,ALTERNANCE (ROISSY and ORLY) - HEAD OF QUALITY HEALTH SAFETY ENVIRONMENT M/F,"['Roissy-en-France', 'Île-de-France', 'France']","


SERVAIR, première entreprise française de restauration aérienne et de nettoyage, filiale de Gategroup, basée à l’aéroport de Roissy CDG et Orly, recherche pour ses unités de production, des Stagiaires en QHSE H/F.Vous souhaitez développer vos compétences en QHSE au sein d'environnements industriels particulièrement stimulants et dynamiques, n'attendez plus, rejoignez-nous !Vos missions : Mettre en place le projet de certification ISO 9001 ou 22000Réaliser les prélèvements alimentaires et préparer les envois au laboratoireRéaliser les prélèvements des mains et des surfacesParticiper au traitement des non conformitésParticiper à la création et au suivi des dossiers d’investigationParticiper au suivi de la traçabilitéRéaliser des audits terrain Sécurité alimentaire et rédiger les comptes rendusVérifier les enregistrements en lien avec l'HACCPParticiper au déploiement du projet environnement : Cabin waste Air France Votre profil : Vous préparez un Master en QHSE et disposez d’une première expérience dans le domaine au sein d’environnements agroalimentaires.Votre rigueur, votre autonomie ainsi que votre capacité à faire preuve d'initiative vous permettront de réussir pleinement vos missions.Vous maîtrisez également le pack office.Maîtrise de l'anglais souhaité.Eléments pratiques : Durée du contrat : 1 à 2 ans Date de démarrage souhaité: Septembre 2022Plusieurs opportunités d'alternance sont à pourvoir au sein des centres de catering basés à proximité de l'aéroport Roissy Charles de Gaulle, précisément au Mesnil-Amelot (77), ainsi qu'à proximité de l'aéroport d'Orly (94).


        Voir plus

        


        Voir moins

        


",Europe,Roissy-en-France,Île-de-France,France,France
21,ALTEN,2022-05-11_Île-de-France_Ingénieur Méthodes et Industrialisation F/H_ALTEN,Ingénieur Méthodes et Industrialisation F/H,"Île-de-France, France",2022-05-11,Methods and Industrialization Engineer F/M,"['Île-de-France', 'France']","


Et si vous rejoigniez ALTEN ?Envie de travailler chez un ""Top Employeur"" ? Rejoindre le Groupe ALTEN c'est intégrer une société au coeur de l'innovation au service de grands comptes et ceci dans des secteurs d'ingénierie variés. Travailler chez ALTEN rime avant tout avec passion, technicité et proximité. La responsabilisation et l'intrapreneuriat sont à la base de nos méthodes de travail, chaque jour le groupe grandit avec ses collaborateurs.Aujourd'hui, nous sommes plus de 40 000 collaborateurs à travers une présence à l'international sur plus de 28 pays, prêts à relever chaque défi technologique ! Peut-être avec vous ?Au sein du département Aéronautique, Spatial et Défense, nous accompagnons nos clients Grands Comptes depuis plus de 33 ans. Véritable partenaire des acteurs majeurs du secteur comme THALES, AIRBUS, ARIANE GROUP, MBDA, DASSAULT, NAVAL GROUP, SAFRAN, NEXTER, ARQUUS, AIR FRANCE.Nous garantissons un accès privilégié aux projets à forte valeur ajoutée à tous nos collaborateurs grâce à notre référencement préférentiel.Nous partageons avec nos clients les valeurs de l’innovation, de l’engagement et du travail en équipe.Description du poste :Vous interviendrez pour l'un de nos clients, acteur majeur du développement des équipements embarqués dans des aéronefs (pièces structurelles d'aéronefs ou ensemble propulsif) pour la réalisation de missions civiles ou militaires (radars, calculateurs missions, gestion du vol, gestion des radios).Au sein de la Direction Industrielle, vous intégrez le département Industrialisation et plus particulièrement le service Méthodes Industrielles. Vous serez responsable de l'industrialisation de Cartes électroniques et de sous-ensembles mécaniques.A ce titre, vos principales missions sont :Intervenir dès les phases de pré-étude (Plan d'Etude Amont, Etude Non Financée, …), en passant par le Développement (dont l'Industrialisation) et la Série (support au début de production et à la résolution de Faits Techniques) en étant force de propositions pour améliorer la fabricabilité, la maturité et la compétitivité du produit.Piloter la définition et l'optimisation de l'ensemble des processus, des procédures, des outils et des organisations nécessaires à la réalisation d'un produit industriel. Vous y intégrez les critères de qualité, de coût et de délais définis conformément à la stratégie industrielle de l'entité.Dans le cadre de réalisation de transfert de production, vous êtes responsable de la mise en production de différents sous-ensembles avec les pays concernés.Dans le cadre de nos projets de transformation digitale, vous serez le référent Méthodes sur les outils 4.0 et assurerez le déploiement et le support utilisateur sur les nouvelles technologies, le tout avec l'aide des équipes de la Transformation Digitale.Profil : Vous êtes issu(e) d'une formation d'ingénieur généraliste ou un équivalent ?Vous justifiez d'une ou plusieurs expériences réussies sur des fonctions d'ingénieur généraliste et avec une bonne connaissance des processus industriels ?Vous avez une première expérience en développement électronique et/ou en industrialisation et à l'export ? Vous maîtrisez les procédés de réalisation des cartes électroniques et des circuits nus associés ?Les diverses technologies associées, et les critères des contrôles/acceptations de ce type de produit ci-dessus n'ont plus de secret pour vous ?Vous appréciez le travail en équipe, tout en étant rigoureux(se) et autonome pour la structuration de vos activités ?Vous avez le sens du relationnel avec une communication orale et écrite, concise et précise, afin d'échanger avec de nombreux interlocuteurs ?Vous avez des bonnes connaissances des outils : Catia, SAP, Pack Office, Suite Adobe ? Vous maîtrisez l'anglais à l'oral et à l'écrit ?Mais ce que nous cherchons avant tout, ce sont des personnalités qui enrichiront ALTEN. Nous les reconnaissons à leur volonté de participer à l’amélioration de la vie de l’entreprise, de construire la vision et les offres de demain, de partager leurs connaissances pour faciliter la montée en compétences réciproque, de rejoindre, enfin, une communauté qui n’a pas peur d’affirmer sa différence.


        Voir plus

        


        Voir moins

        


",Europe,Île-de-France,,France,France
22,Cesi,2022-05-11_Strasbourg_ALTERNANCE INGENIEUR(E) QSE RSE F/H_Cesi,ALTERNANCE INGENIEUR(E) QSE RSE F/H,"Strasbourg, Grand Est, France",2022-05-11,APPRENTICESHIP ENGINEER QSE CSR F/M,"['Strasbourg', 'Grand Est', 'France']","


Choisir l'Ecole CESI, c'est choisir un parcours qui développe à la fois les compétences métier indispensables mais aussi les capacités relationnelles et comportementales attendues par les entreprises pour devenir un professionnel efficace, agile et engagé. La formation développe la curiosité et l'adaptabilité: le tremplin pour l'emploi d'aujourd'hui et de demain.Nos clients sont de grands groupes industriels (Safran, Mars, Air France, Sogefi...)Le Mastère Spécialisé® ""MANAGEMENT QUALITÉ SÉCURITÉ ENVIRONNEMENT OPTION RSE"" permet de s’immerger dans le milieu professionnel et de devenir un expert dans la spécialité. Notre client, grand groupe industriel, recherche un profil bac+5 issu d'une formation de préférence en génie industriel, pour des renforts en QSE RSE durant une période d'alternance d'un an.Missions :Suivi des projets RSE de l’entrepriseDéveloppement coopératifVous élaborez et suivez les plans d’actions du groupe,Vous mettez en place des audits énergétiques et des bilans concernant les Gaz à effet de serre,Vous établissez des rapports et des bilans à destination de la direction.Vous organisez des actions de sensibilisation à destination de l’ensemble des collaborateurs,Vous participez à l’élaboration des supports de communication RSE en lien avec le service communicationMise en place complète du référentiel RSEProfil recherchéVous êtes salarié(e)s d'entreprise, demandeurs d'emploi ou étudiants.Vous êtes titulaires d’un Bac +5 (Ingénieur, M2) ou équivalent, soit avec un Master 1 avec 3 ans d’expérience professionnelle minimum en QSESalaire : selon modalités légales du contratDéroulement de la formation :Le Mastère Spécialisé ""Manager QSE"" se déroule durant 12 mois, organisé selon un rythme d’une semaine de cours par mois à CESI et 3 semaines par mois en entreprise. Le coût de la formation et sa rémunération seront pris en charge par l'entreprise.


        Voir plus

        


        Voir moins

        


",Europe,Strasbourg,Grand Est,France,France
23,ALTEN,2022-05-11_Île-de-France_Ingénieur méthode maintenance industrielle (H/F)_ALTEN,Ingénieur méthode maintenance industrielle (H/F),"Île-de-France, France",2022-05-11,Industrial maintenance method engineer (M/F),"['Île-de-France', 'France']","


Et si vous rejoigniez ALTEN ?Envie de travailler chez un ""Top Employeur"" ? Rejoindre le Groupe ALTEN c'est intégrer une société au coeur de l'innovation au service de grands comptes et ceci dans des secteurs d'ingénierie variés. Travailler chez ALTEN rime avant tout avec passion, technicité et proximité. La responsabilisation et l'intrapreneuriat sont à la base de nos méthodes de travail, chaque jour le groupe grandit avec ses collaborateurs. Aujourd'hui, nous sommes plus de 40 000 collaborateurs à travers une présence à l'international sur plus de 28 pays, prêts à relever chaque défi technologique ! Peut-être avec vous ? Au sein du département Aéronautique, Spatial et Défense, nous accompagnons nos clients Grands Comptes depuis plus de 33 ans. Véritable partenaire des acteurs majeurs du secteur comme THALES, AIRBUS, ARIANE GROUP, MBDA, DASSAULT, NAVAL GROUP, SAFRAN, NEXTER, ARQUUS, AIR FRANCE. Nous garantissons un accès privilégié aux projets à forte valeur ajoutée à tous nos collaborateurs grâce à notre référencement préférentiel.Nous partageons avec nos clients les valeurs de l’innovation, de l’engagement et du travail en équipe.Description du poste :  Dans le cadre de nos activités en Maintenance des Moyens de production auprès de l'un de nos clients de ce secteur, nous renforçons notre équipe d’Ingénieurs méthode de maintenance industrielle. A ce titre, les missions principales qui vous seront confiées sont les suivantes :- Éditer et communiquer les indicateurs de maintenance- Piloter les programmes et les gammes de maintenance préventive et les travaux (Qualité, Sécurité, Environnement) - Définir ou mettre à jour les plans de maintenance selon le standard - Rédiger des cahiers des charges et expressions de besoin en sous-traitance- Participer aux plans de prévention annuel avec l’organisme agréé - Assurer la disponibilité des machines (en relation avec le planificateur du secteur) - Tracer les non-conformités dans la GMAO et liées à la documentation machine- Mettre à jour la documentation, les sauvegardes machine et la GMAO - Proposer des solutions techniques pour traiter les non-conformités- Identification des travaux de maintenance - Rédiger les modes opératoires d’interventions de maintenance spécifiques - Coordination de l’équipe ALTEN et en relation avec les équipes client pour le reporting et priorisation des activités Issue de formation supérieure (BAC+5) Vous êtes Ingénieur méthode de maintenance industrielle, préparateur ou pilote. Vous avez la volonté d’assurer le bon fonctionnement des équipements de l'unité de production d’un grand industriel de l’aéronautique, en pilotant l'entretien de ses machines, de leur sécurité et de l'amélioration de leurs performances.Vous bénéficiez de :· Une première expérience comme préparateur méthode ou pilote de contrat de maintenance· Connaissances du process industriel et les principales technologies des moyens de production de chaque atelier (mécanique, de la manutention/levage ou de la métallurgie) et principales technologies sur machines-outils· Expérience dans l’assurance de la sécurité des interventions et des systèmes (mise en conformité) et la facilitation les interventions sur les équipements· Aisance à l'utilisation des logiciels bureautiques (Pack Office)· Connaissances des processus de sauvegarde informatique sur les moyens industriels (SIEMENS , NUM, FAGOR, etc...) Autonomie, Disponibilité, Travailler en équipe, Aisance relationnelle, Négociation)· Connaissances des logiciels de GMAO (COSWIN serait un plus).


        Voir plus

        


        Voir moins

        


",Europe,Île-de-France,,France,France
